id,department
1,Marketing
2,Marketing
3,Administration
4,Administration
5,IT
6,Administration
7,Finance
8,Marketing
9,Sales
10,IT
11,Administration
12,IT
13,IT
14,Finance
15,Finance
16,Finance
17,Administration
18,Finance
19,Sales
20,Sales
21,IT
22,Administration
23,Marketing
24,IT
25,Administration
26,Finance
27,IT
28,IT
29,IT
30,Sales
31,IT
32,IT
33,Marketing
34,Finance
35,Administration
36,Sales
37,Administration
38,Sales
39,Finance
40,Administration
41,IT
42,IT
43,IT
44,Sales
45,IT
46,Administration
47,IT
48,IT
49,Administration
50,IT
51,Sales
52,Finance
53,Marketing
54,Marketing
55,Marketing
56,Sales
57,Marketing
58,Marketing
59,Marketing
60,Administration
61,Administration
62,IT
63,Marketing
64,Finance
65,Marketing
66,Marketing
67,Marketing
68,Sales
69,Finance
70,Administration
71,IT
72,Sales
73,IT
74,Administration
75,Sales
76,Administration
77,Administration
78,Administration
79,Marketing
80,Finance
81,Finance
82,Finance
83,Sales
84,Finance
85,Administration
86,Sales
87,Finance
88,Sales
89,Finance
90,Sales
91,Finance
92,Sales
93,IT
94,Finance
95,Finance
96,Marketing
97,Sales
98,Marketing
99,Administration
100,Marketing
101,Administration
102,Sales
103,IT
104,Marketing
105,Finance
106,Sales
107,Finance
108,IT
109,IT
110,IT
111,Marketing
112,Administration
113,IT
114,IT
115,Sales
116,Administration
117,IT
118,Finance
119,Finance
120,Sales
121,Finance
122,Administration
123,IT
124,Finance
125,IT
126,IT
127,Administration
128,Administration
129,Administration
130,Administration
131,Sales
132,Sales
133,Administration
134,Administration
135,Administration
136,IT
137,Finance
138,Sales
139,Sales
140,Marketing
141,Sales
142,Sales
143,IT
144,Finance
145,Administration
146,Finance
147,Sales
148,Marketing
149,Marketing
150,Administration
151,IT
152,Marketing
153,Marketing
154,IT
155,Marketing
156,IT
157,Sales
158,Finance
159,IT
160,Marketing
161,Marketing
162,Sales
163,Marketing
164,IT
165,Marketing
166,Administration
167,Marketing
168,Finance
169,Finance
170,Administration
171,Sales
172,Marketing
173,Sales
174,Administration
175,Marketing
176,IT
177,Finance
178,Finance
179,Sales
180,IT
181,Finance
182,Administration
183,Finance
184,Finance
185,Administration
186,Finance
187,Finance
188,Administration
189,Sales
190,Sales
191,IT
192,Administration
193,Finance
194,IT
195,Administration
196,Administration
197,Administration
198,Finance
199,Sales
200,Sales
201,Administration
202,Administration
203,Administration
204,Finance
205,Sales
206,Finance
207,Finance
208,Marketing
209,Finance
210,IT
211,Finance
212,Administration
213,IT
214,Marketing
215,Finance
216,Marketing
217,Finance
218,Finance
219,Administration
220,Marketing
221,Marketing
222,Sales
223,IT
224,Sales
225,Sales
226,Sales
227,Administration
228,IT
229,Marketing
230,IT
231,IT
232,Administration
233,Marketing
234,Marketing
235,Administration
236,Marketing
237,Marketing
238,Marketing
239,Marketing
240,Sales
241,Marketing
242,Marketing
243,Sales
244,Administration
245,Administration
246,Sales
247,Sales
248,IT
249,Marketing
250,IT
251,IT
252,Marketing
253,Marketing
254,Finance
255,Marketing
256,Marketing
257,IT
258,Finance
259,Sales
260,Marketing
261,Administration
262,Marketing
263,Sales
264,Administration
265,Sales
266,Administration
267,Administration
268,Marketing
269,IT
270,Administration
271,Marketing
272,Marketing
273,Sales
274,IT
275,IT
276,Finance
277,Sales
278,Marketing
279,IT
280,Administration
281,IT
282,Sales
283,Administration
284,Sales
285,Sales
286,Marketing
287,Administration
288,Sales
289,Sales
290,IT
291,Sales
292,Administration
293,IT
294,Administration
295,Marketing
296,IT
297,Administration
298,Sales
299,Finance
300,IT
301,Administration
302,Marketing
303,Administration
304,Sales
305,IT
306,Finance
307,IT
308,Marketing
309,Administration
310,Administration
311,Finance
312,Finance
313,IT
314,Marketing
315,Sales
316,Finance
317,IT
318,IT
319,IT
320,Sales
321,Administration
322,Administration
323,Sales
324,IT
325,Finance
326,Administration
327,Administration
328,IT
329,Sales
330,Marketing
331,Administration
332,IT
333,Marketing
334,Marketing
335,IT
336,Finance
337,Finance
338,Finance
339,Administration
340,Sales
341,Administration
342,Administration
343,Finance
344,Finance
345,Finance
346,Finance
347,Sales
348,Administration
349,IT
350,IT
351,Finance
352,Administration
353,Sales
354,Administration
355,Marketing
356,Marketing
357,Finance
358,Administration
359,Administration
360,Administration
361,Sales
362,Marketing
363,IT
364,IT
365,IT
366,Administration
367,Administration
368,Finance
369,Administration
370,Marketing
371,Administration
372,Marketing
373,Finance
374,IT
375,Administration
376,Finance
377,Sales
378,Administration
379,Finance
380,Sales
381,IT
382,Marketing
383,Administration
384,IT
385,Marketing
386,Marketing
387,IT
388,Sales
389,IT
390,Sales
391,Marketing
392,Finance
393,Administration
394,Marketing
395,Sales
396,Finance
397,Finance
398,Marketing
399,Administration
400,IT
401,Administration
402,Sales
403,Administration
404,Marketing
405,Finance
406,Finance
407,Sales
408,Finance
409,Administration
410,Finance
411,Administration
412,Finance
413,IT
414,IT
415,Sales
416,Sales
417,Administration
418,Sales
419,Marketing
420,Marketing
421,Administration
422,IT
423,IT
424,IT
425,Administration
426,Sales
427,Finance
428,Administration
429,Marketing
430,Administration
431,Marketing
432,IT
433,Finance
434,Finance
435,Administration
436,Sales
437,Administration
438,Finance
439,Administration
440,Administration
441,Finance
442,IT
443,Sales
444,Finance
445,Sales
446,Sales
447,Marketing
448,Finance
449,Marketing
450,Finance
451,Sales
452,Sales
453,Finance
454,Marketing
455,IT
456,Finance
457,Administration
458,Finance
459,Finance
460,Finance
461,Finance
462,Finance
463,Sales
464,Finance
465,IT
466,Finance
467,Finance
468,Finance
469,Administration
470,Finance
471,IT
472,IT
473,Finance
474,Finance
475,Administration
476,Administration
477,Sales
478,IT
479,Marketing
480,Finance
481,Finance
482,Administration
483,IT
484,Marketing
485,IT
486,IT
487,Finance
488,Finance
489,Marketing
490,Sales
491,IT
492,Sales
493,Sales
494,Sales
495,Finance
496,Administration
497,Marketing
498,Sales
499,Marketing
500,Sales
501,Finance
502,IT
503,Finance
504,Marketing
505,Marketing
506,Marketing
507,Marketing
508,Marketing
509,IT
510,Finance
511,Administration
512,Marketing
513,Marketing
514,Sales
515,Sales
516,Marketing
517,Administration
518,IT
519,Finance
520,Administration
521,Marketing
522,Marketing
523,Marketing
524,Sales
525,Marketing
526,Administration
527,Marketing
528,Marketing
529,Finance
530,Administration
531,Marketing
532,IT
533,IT
534,IT
535,Finance
536,Sales
537,Finance
538,Sales
539,Administration
540,Finance
541,Finance
542,IT
543,Administration
544,Sales
545,Finance
546,Finance
547,Sales
548,Finance
549,Sales
550,Sales
551,Administration
552,Administration
553,Marketing
554,IT
555,Finance
556,Marketing
557,Administration
558,Marketing
559,Marketing
560,Marketing
561,Finance
562,Marketing
563,IT
564,Administration
565,IT
566,Sales
567,Finance
568,Administration
569,Sales
570,Finance
571,Administration
572,IT
573,IT
574,Administration
575,Sales
576,Marketing
577,Marketing
578,IT
579,Finance
580,Marketing
581,Finance
582,Administration
583,Finance
584,IT
585,Marketing
586,Finance
587,Sales
588,Administration
589,Sales
590,Marketing
591,Marketing
592,Administration
593,Marketing
594,Sales
595,Finance
596,Finance
597,Marketing
598,Administration
599,Administration
600,Marketing
601,Sales
602,Marketing
603,Administration
604,Administration
605,Administration
606,Sales
607,Sales
608,Sales
609,Finance
610,Sales
611,Finance
612,Finance
613,Marketing
614,Sales
615,Finance
616,IT
617,Marketing
618,Finance
619,Marketing
620,IT
621,Administration
622,IT
623,Administration
624,IT
625,Finance
626,Finance
627,Sales
628,Administration
629,Marketing
630,Finance
631,Finance
632,Administration
633,IT
634,IT
635,IT
636,Marketing
637,IT
638,Sales
639,Administration
640,IT
641,Marketing
642,Sales
643,Finance
644,Finance
645,Finance
646,Marketing
647,Finance
648,Marketing
649,Sales
650,Finance
651,Marketing
652,IT
653,Sales
654,Sales
655,Marketing
656,Sales
657,IT
658,IT
659,Finance
660,Marketing
661,Administration
662,IT
663,Sales
664,Administration
665,Administration
666,Sales
667,Marketing
668,IT
669,Administration
670,Sales
671,Finance
672,Finance
673,Administration
674,Marketing
675,Sales
676,Finance
677,Sales
678,Administration
679,Sales
680,IT
681,Administration
682,Administration
683,Finance
684,Finance
685,Marketing
686,Finance
687,Marketing
688,Marketing
689,Marketing
690,Administration
691,IT
692,Administration
693,Sales
694,Administration
695,Administration
696,Marketing
697,Administration
698,Sales
699,Finance
700,IT
701,Administration
702,Finance
703,IT
704,Marketing
705,Finance
706,Administration
707,IT
708,Sales
709,IT
710,IT
711,Marketing
712,Administration
713,Administration
714,Sales
715,Sales
716,Finance
717,Administration
718,Administration
719,IT
720,Finance
721,Administration
722,IT
723,Finance
724,Sales
725,IT
726,Sales
727,Administration
728,IT
729,Marketing
730,Administration
731,Marketing
732,Sales
733,IT
734,IT
735,IT
736,Finance
737,IT
738,Finance
739,Administration
740,Marketing
741,IT
742,IT
743,IT
744,Administration
745,Finance
746,Sales
747,IT
748,Sales
749,Marketing
750,Finance
751,Finance
752,IT
753,Finance
754,Finance
755,Finance
756,Administration
757,Finance
758,Administration
759,Administration
760,Administration
761,Sales
762,Administration
763,Administration
764,Sales
765,Sales
766,Sales
767,Administration
768,Finance
769,Finance
770,Marketing
771,Administration
772,Sales
773,Administration
774,IT
775,Administration
776,Sales
777,Administration
778,Sales
779,IT
780,IT
781,Marketing
782,Marketing
783,Marketing
784,Finance
785,Administration
786,Finance
787,Sales
788,Sales
789,Marketing
790,Sales
791,Sales
792,Marketing
793,Finance
794,Administration
795,Administration
796,Sales
797,Sales
798,Finance
799,IT
800,Sales
801,Marketing
802,Administration
803,IT
804,Administration
805,Administration
806,Administration
807,Finance
808,Administration
809,Sales
810,Administration
811,Marketing
812,Sales
813,Administration
814,IT
815,Sales
816,Administration
817,IT
818,Administration
819,Administration
820,Marketing
821,Marketing
822,Finance
823,IT
824,Finance
825,Sales
826,IT
827,IT
828,Marketing
829,Administration
830,Administration
831,Marketing
832,Marketing
833,IT
834,Finance
835,Sales
836,Marketing
837,IT
838,Marketing
839,IT
840,Sales
841,Marketing
842,Finance
843,Administration
844,Administration
845,IT
846,Sales
847,Marketing
848,Administration
849,Finance
850,Administration
851,Marketing
852,Marketing
853,IT
854,Marketing
855,Marketing
856,Finance
857,Administration
858,Marketing
859,Marketing
860,IT
861,Sales
862,Sales
863,IT
864,Marketing
865,IT
866,Administration
867,IT
868,IT
869,Administration
870,Marketing
871,Finance
872,Administration
873,Administration
874,Finance
875,Administration
876,Finance
877,Finance
878,Finance
879,Finance
880,Sales
881,Administration
882,Finance
883,Sales
884,Marketing
885,Finance
886,Administration
887,IT
888,Finance
889,Administration
890,Sales
891,Finance
892,Marketing
893,Sales
894,Marketing
895,Administration
896,Sales
897,Sales
898,IT
899,Finance
900,Administration
